dataset	n_rows	n_columns
ds004186	2953	7
ds005752	1860	44
ds004889	1506	10
ds004169	1203	10
ds004131	1091	37
ds004129	1091	37
ds004130	1091	37
ds003097	929	31
ds004114	752	26
ds005385	609	8
ds004605	584	3
ds005515	534	24
ds004856	465	36
ds005516	431	24
ds004146	418	9
ds005143	398	11
ds004746	398	6
ds005511	382	24
ds004395	365	4
ds002345	346	6
ds007045	338	6
ds002385	334	4
ds005509	331	24
ds005508	325	24
ds003604	323	12
ds000221	319	3
ds003592	302	9
ds003949	297	3
ds005514	296	24
ds007137	295	5
ds007139	293	5
ds007096	293	5
ds007052	289	5
ds007056	288	5
ds007069	282	5
ds004789	281	4
ds000030	273	16
ds006148	267	2
ds005896	263	5
ds004809	259	4
ds006169	258	1
ds005512	258	24
ds001720	256	11
ds004884	246	7
ds005237	246	6
ds007119	234	13
ds007118	234	13
ds007120	234	13
ds002790	227	12
ds002181	227	3
ds005280	224	5
ds005754	221	14
ds005534	218	26
ds002785	217	13
ds001838	211	12
ds004116	210	14
ds001894	206	26
ds005595	201	3
ds003823	194	58
ds004796	193	87
ds004711	190	6
ds006577	186	30
ds005398	186	8
ds005507	185	24
ds004602	183	8
ds005027	176	8
ds004883	173	8
ds004199	171	19
ds003416	170	5
ds006107	167	14
ds002843	167	6
ds005305	166	8
ds005460	161	28
ds005166	161	14
ds004166	160	6
ds005270	159	11
ds004118	157	4
ds003655	157	10
ds005366	156	5
ds000228	156	19
ds005498	153	51
ds005506	151	24
ds006303	150	3
ds004584	150	9
ds004173	149	3
ds004795	149	3
ds006866	149	18
ds004580	148	10
ds005016	148	3
ds004574	147	10
ds003346	146	27
ds005292	143	5
ds006923	141	21
ds004579	140	9
ds007427	139	17
ds005851	139	5
ds006218	139	18
ds006780	137	24
ds005505	137	24
ds003826	137	10
ds005112	136	4
ds005510	136	24
ds004965	134	3
ds001486	133	19
ds007116	133	17
ds004627	131	4
ds005555	129	5
ds005863	128	78
ds006018	128	72
ds004466	128	4
ds006883	127	4
ds006391	127	5
ds005873	126	2
ds005449	126	3
ds004299	124	1
ds003474	123	6
ds003242	123	3
ds003478	123	9
ds006777	122	11
ds006910	122	4
ds000243	121	6
ds006861	121	12
ds005901	121	5
ds006234	120	4
ds003602	119	6
ds006067	119	3
ds005256	118	4
ds006377	116	568
ds004551	115	4
ds005123	115	10
ds003643	113	5
ds003775	112	24
ds004532	111	7
ds004636	111	5
ds003518	111	7
ds006914	111	4
ds004362	110	4
ds004120	110	4
ds001734	109	4
ds006233	109	4
ds005545	107	4
ds003701	106	4
ds006533	105	8
ds004587	104	3
ds004577	104	2
ds005628	103	2
ds005405	102	8
ds005613	102	3
ds007172	101	6
ds006462	101	5
ds005364	101	21
ds004589	101	7
ds000115	100	49
ds003969	99	10
ds004455	97	6
ds003522	97	6
ds005293	96	6
ds000202	96	11
ds006613	96	21
ds007020	95	2
ds004697	95	7
ds005073	94	25
ds006366	93	2
ds001747	93	10
ds006395	92	5
ds002236	92	7
ds005114	92	6
ds002647	92	6
ds003523	92	6
ds003499	91	4
ds005747	91	5
ds006239	90	6
ds006691	89	21
ds004504	89	5
ds006036	89	5
ds004648	89	33
ds003653	88	9
ds004725	88	9
ds003838	87	27
ds002837	87	4
ds000201	87	106
ds006638	87	2
ds006318	87	2
ds005356	86	6
ds006905	85	31
ds006926	84	5
ds003944	83	6
ds005026	83	5
ds003469	82	3
ds001461	82	5
ds006224	82	14
ds005410	82	15
ds005662	81	8
ds002643	81	5
ds003877	80	11
ds000222	80	11
ds002424	80	17
ds005636	79	5
ds004285	79	3
ds005216	79	3
ds005265	79	5
ds005455	78	24
ds003831	78	12
ds000208	78	9
ds006260	77	4
ds004582	77	3
ds004873	76	6
ds003690	76	11
ds006105	76	4
ds004469	75	25
ds005234	75	6
ds004080	75	4
ds000119	74	3
ds004848	74	3
ds004611	74	2
ds002748	73	20
ds005059	73	4
ds005038	72	6
ds004902	72	41
ds004302	72	6
ds006095	72	8
ds005577	71	5
ds006663	70	9
ds006222	70	4
ds005263	69	5
ds005504	69	19
ds005266	69	5
ds004791	69	2
ds004217	68	3
ds002731	68	4
ds004851	67	1
ds006434	67	3
ds007181	67	4
ds007182	67	31
ds004103	67	4
ds002330	67	37
ds002116	66	19
ds005291	66	7
ds005226	66	3
ds001796	65	12
ds006156	65	4
ds005096	64	3
ds003688	64	10
ds000240	64	18
ds006850	64	4
ds006803	64	4
ds005296	63	11
ds005616	63	10
ds003763	63	35
ds004349	63	5
ds004942	63	1
ds004019	63	6
ds001748	63	4
ds004044	63	4
ds002382	62	18
ds004771	62	6
ds005899	62	8
ds007398	62	3
ds003947	62	6
ds005012	61	5
ds005866	61	13
ds003717	61	18
ds003967	61	4
ds005346	61	4
ds002674	61	19
ds004148	61	257
ds006092	61	5
ds007022	61	6
ds005540	61	3
ds002717	60	1
ds005236	60	5
ds005874	60	7
ds004920	60	16
ds000053	60	3
ds005917	59	7
ds004392	59	5
ds004100	59	11
ds003126	59	4
ds005522	59	4
ds005131	59	6
ds004569	59	6
ds007322	58	11
ds004151	58	5
ds003638	58	4
ds001653	58	7
ds004261	58	4
ds003508	58	10
ds004359	58	6
ds003509	57	7
ds006370	57	1
ds001848	57	9
ds004400	57	26
ds002994	57	1
ds002886	57	12
ds004448	57	4
ds004279	57	4
ds003506	57	7
ds005892	56	4
ds006171	56	8
ds003751	56	4
ds003465	56	3
ds004515	55	8
ds001131	55	3
ds006979	54	7
ds001890	54	11
ds003138	54	4
ds004595	54	8
ds004556	54	5
ds005907	54	8
ds004917	54	9
ds004256	54	4
ds003876	53	10
ds007063	53	5
ds001408	53	4
ds004718	53	262
ds006367	53	1
ds004182	53	3
ds001242	53	3
ds004626	53	5
ds005497	53	1
ds001541	53	13
ds004572	53	4
ds005408	52	16
ds003709	52	7
ds003568	52	4
ds006131	52	3
ds005407	52	16
ds005713	52	41
ds004315	51	5
ds001818	51	1
ds003825	51	8
ds004604	51	3
ds005697	51	3
ds004073	51	11
ds003745	51	4
ds005381	51	4
ds005518	51	4
ds003612	51	4
ds004499	51	4
ds005341	51	4
ds004996	51	9
ds003037	51	6
ds004317	51	5
ds003490	51	7
ds006248	51	5
ds006545	50	5
ds003114	50	10
ds002893	50	6
ds004894	50	1
ds002543	50	3
ds004865	50	4
ds003791	50	5
ds004145	50	8
ds002134	50	16
ds003436	50	11
ds000148	50	15
ds000109	49	3
ds003799	49	6
ds004386	49	4
ds002168	49	8
ds005841	49	3
ds002522	49	4
ds002154	49	6
ds004068	49	4
ds006693	49	7
ds002419	49	45
ds005572	49	1
ds005947	49	3
ds005095	49	4
ds005868	49	12
ds004440	49	4
ds004635	49	3
ds005411	49	4
ds006554	48	2
ds006648	48	2
ds005551	48	5
ds004327	48	45
ds004934	48	4
ds003702	48	5
ds001810	48	4
ds001371	48	4
ds006521	48	5
ds007335	47	4
ds006628	47	4
ds005598	47	3
ds005230	47	4
ds002422	47	3
ds007176	46	5
ds003620	46	48
ds000245	46	6
ds004533	46	4
ds000144	46	26
ds004511	45	3
ds004872	45	18
ds005050	45	3
ds003851	45	5
ds003787	45	4
ds004647	45	3
ds005469	44	8
ds005374	44	5
ds004000	44	2
ds005875	44	11
ds004516	44	6
ds005363	44	5
ds002033	44	10
ds006583	44	11
ds007318	44	4
ds006902	44	6
ds005343	44	3
ds006010	43	3
ds005106	43	6
ds004054	43	7
ds004621	43	90
ds004717	43	8
ds001386	43	4
ds004588	43	1
ds000174	43	10
ds004456	43	16
ds001534	43	11
ds005559	43	5
ds004006	42	3
ds003554	42	4
ds004369	42	8
ds005207	42	1
ds005960	42	3
ds000217	42	4
ds007081	42	1
ds003511	41	3
ds004519	41	1
ds002813	41	5
ds006179	41	4
ds001725	41	4
ds006642	41	4
ds006472	41	4
ds007441	41	1
ds006644	41	10
ds004495	41	4
ds004563	41	4
ds003782	41	1
ds005115	41	22
ds005007	41	4
ds005588	41	3
ds004786	41	4
ds004388	41	11
ds003570	41	5
ds004471	41	4
ds004367	41	4
ds001928	41	27
ds004926	41	3
ds001771	41	55
ds000212	40	4
ds003453	40	3
ds005289	40	6
ds006670	40	4
ds005883	40	8
ds007115	40	4
ds004368	40	4
ds005946	40	20
ds002872	40	3
ds006731	40	3
ds004544	40	3
ds000171	40	4
ds006921	39	11
ds001529	39	3
ds005687	39	7
ds004502	39	3
ds003500	39	7
ds005489	39	4
ds002896	39	7
ds004631	39	3
ds003550	39	4
ds003095	39	4
ds004802	39	6
ds005420	38	6
ds004603	38	7
ds001110	38	4
ds000113	38	92
ds006568	38	4
ds004094	38	4
ds003830	38	19
ds005479	38	26
ds007345	38	12
ds000214	37	24
ds002620	37	7
ds006839	37	4
ds001417	37	8
ds004557	37	6
ds004134	37	3
ds001814	37	6
ds002366	37	7
ds007275	37	17
ds006374	37	4
ds001226	37	53
ds005089	37	3
ds004015	37	9
ds001618	37	3
ds006559	36	4
ds007162	36	6
ds005418	36	3
ds003711	36	3
ds003029	36	11
ds001365	36	12
ds000238	36	9
ds003358	36	3
ds003401	36	4
ds005126	36	9
ds002878	36	6
ds002242	36	3
ds002655	36	3
ds005048	36	5
ds003521	36	4
ds005857	36	6
ds000168	36	3
ds005684	36	9
ds004731	36	3
ds003721	36	4
ds004958	35	4
ds003703	35	4
ds004529	35	5
ds004706	35	4
ds005795	35	5
ds003459	35	9
ds005402	35	5
ds003004	35	6
ds006525	35	6
ds006952	35	4
ds005121	35	1
ds003542	35	6
ds003647	35	7
ds000108	35	3
ds007126	35	41
ds003176	35	4
ds003789	34	4
ds001297	34	3
ds005733	34	3
ds000140	34	3
ds003146	34	2
ds002169	34	3
ds006756	34	7
ds004274	34	5
ds001590	33	1
ds006963	33	2
ds004305	33	5
ds007342	33	53
ds003357	33	4
ds007127	33	3
ds004021	33	1
ds004122	33	4
ds005241	33	6
ds004625	33	5
ds004470	33	4
ds004128	33	3
ds002879	33	17
ds003772	33	3
ds005403	33	4
ds005342	33	5
ds000210	32	5
ds002778	32	9
ds006039	32	3
ds001510	32	3
ds004393	32	23
ds005340	32	15
ds006556	32	45
ds007267	32	6
ds002741	32	3
ds001430	32	3
ds004860	32	6
ds005810	32	6
ds003766	32	4
ds006761	32	10
ds005920	32	5
ds003691	32	4
ds006502	32	6
ds006547	32	3
ds004109	32	4
ds002721	32	3
ds004581	31	7
ds004692	31	4
ds004446	31	4
ds006386	31	6
ds003739	31	5
ds000157	31	11
ds001545	31	3
ds005189	31	4
ds004892	31	62
ds004330	31	6
ds002006	31	20
ds004012	31	4
ds006848	31	7
ds002938	31	4
ds004444	31	4
ds004693	31	4
ds004488	31	4
ds004447	31	4
ds002732	31	3
ds004331	31	4
ds003555	31	5
ds005286	31	7
ds005383	31	6
ds005692	31	3
ds004496	31	4
ds004475	31	5
ds003606	31	3
ds003696	31	6
ds006768	31	7
ds004278	31	5
ds006805	31	3
ds006334	31	3
ds005704	30	4
ds001353	30	3
ds003012	30	16
ds004974	30	4
ds002080	30	51
ds002411	30	10
ds005876	30	6
ds005464	30	6
ds003007	30	30
ds006446	30	6
ds005285	30	9
ds005406	30	6
ds003639	30	3
ds004123	30	4
ds005932	30	6
ds005473	30	5
ds004909	30	4
ds005571	30	9
ds003999	30	12
ds004056	30	4
ds004654	29	4
ds003468	29	4
ds006729	29	9
ds003694	29	4
ds000121	29	3
ds004962	29	1
ds003424	29	14
ds004775	29	4
ds002727	29	3
ds004341	29	4
ds004226	29	3
ds002793	29	3
ds002712	29	4
ds005264	29	5
ds004597	28	3
ds005139	28	3
ds004011	28	7
ds006142	28	4
ds005088	28	11
ds004869	28	4
ds001229	28	3
ds002898	28	29
ds003519	28	6
ds004092	28	1
ds001740	28	3
ds000220	28	6
ds004106	28	4
ds004592	28	4
ds005299	28	25
ds007386	28	833
ds005056	28	5
ds004783	27	4
ds002322	27	5
ds005345	27	5
ds002835	27	2
ds000133	27	4
ds003670	27	16
ds002799	27	4
ds000102	27	3
ds004324	27	4
ds000213	27	3
ds004295	27	29
ds000203	27	22
ds002547	27	4
ds004616	27	3
ds000120	27	3
ds002776	27	4
ds000249	27	3
ds004389	27	20
ds005284	27	7
ds005397	27	5
ds003083	27	2
ds003017	26	4
ds005034	26	4
ds003753	26	4
ds005895	26	5
ds006211	26	3
ds007180	26	4
ds003569	26	9
ds004505	26	13
ds003487	26	4
ds005839	26	3
ds003136	26	3
ds002041	26	97
ds003516	26	6
ds003233	26	6
ds001378	26	5
ds003822	26	4
ds004347	25	5
ds004657	25	1
ds005565	25	12
ds006269	25	5
ds000009	25	90
ds003495	25	1
ds006104	25	4
ds005581	25	3
ds001981	25	7
ds002940	25	8
ds005468	25	3
ds001840	25	4
ds006267	25	5
ds005624	25	6
ds004350	25	2
ds001241	25	4
ds004141	25	4
ds004161	25	13
ds000256	25	4
ds001228	25	3
ds001517	25	3
ds003835	25	8
ds005980	25	3
ds006802	25	9
ds006746	25	3
ds003885	25	6
ds001454	25	4
ds006720	25	4
ds005467	25	3
ds003545	25	8
ds004644	25	3
ds004808	25	3
ds002105	25	5
ds001787	25	4
ds004010	25	5
ds002687	25	13
ds003887	25	7
ds006468	25	6
ds006212	24	4
ds005424	24	2
ds007305	24	3
ds005416	24	4
ds006519	24	6
ds002791	24	3
ds003458	24	3
ds004562	24	3
ds002338	24	4
ds004117	24	5
ds004482	24	3
ds004406	24	3
ds001927	24	3
ds003987	24	8
ds001554	24	2
ds004561	24	4
ds002842	24	11
ds001178	24	3
ds003420	24	3
ds005520	24	25
ds005496	24	1
ds003454	24	4
ds006557	24	4
ds002603	24	3
ds005882	24	3
ds005586	24	3
ds002011	23	3
ds005274	23	3
ds004937	23	3
ds004998	23	6
ds006253	23	6
ds002185	23	5
ds004944	23	7
ds003470	23	3
ds005884	23	7
ds004940	23	8
ds005523	23	4
ds002363	23	3
ds002797	23	3
ds004356	23	21
ds001338	23	4
ds005169	23	6
ds005360	23	4
ds001168	23	5
ds004332	23	4
ds002550	23	2
ds003684	23	5
ds003466	22	4
ds000101	22	3
ds005065	22	1
ds000219	22	5
ds001608	22	4
ds003507	22	3
ds005935	22	1
ds005087	22	9
ds004121	22	4
ds001232	22	3
ds004119	22	4
ds004152	22	6
ds005620	22	8
ds003483	22	1
ds002000	22	4
ds004262	22	6
ds002725	22	3
ds005648	22	7
ds006801	22	2
ds001415	22	9
ds005891	22	4
ds005642	22	5
ds003381	22	3
ds007231	22	2
ds004017	22	1
ds006012	22	3
ds006593	22	2
ds005025	22	7
ds002995	22	5
ds004264	22	6
ds005267	22	6
ds004660	22	1
ds001883	22	3
ds002814	22	4
ds002606	21	3
ds006265	21	6
ds005354	21	4
ds003505	21	3
ds001597	21	3
ds002250	21	3
ds000007	21	3
ds003340	21	4
ds005494	21	4
ds006266	21	6
ds002149	21	1
ds000253	21	6
ds004200	21	5
ds004158	21	5
ds007262	21	6
ds002833	21	3
ds004910	21	4
ds004513	21	9
ds006465	21	6
ds002094	21	1
ds006566	21	4
ds004312	21	4
ds003404	21	8
ds004460	21	5
ds004737	21	3
ds007169	21	6
ds007046	21	3
ds005688	21	4
ds004484	21	4
ds002691	21	39
ds006594	21	4
ds003498	21	10
ds003338	21	4
ds005185	21	3
ds003421	21	3
ds003343	21	5
ds001882	21	3
ds004973	21	3
ds004817	21	5
ds006572	21	4
ds003801	21	4
ds004712	21	4
ds001971	21	5
ds002158	21	3
ds004042	21	4
ds004841	21	1
ds001491	21	6
ds004276	20	4
ds002307	20	11
ds001785	20	3
ds003846	20	6
ds005779	20	3
ds005787	20	6
ds004348	20	2
ds000218	20	5
ds005811	20	6
ds003190	20	1
ds006629	20	5
ds003553	20	4
ds004743	20	3
ds005491	20	4
ds003342	20	1
ds001299	20	3
ds001722	20	3
ds002312	20	3
ds002773	20	4
ds004408	20	6
ds002982	20	7
ds000223	20	1
ds002722	20	3
ds002270	20	3
ds003039	20	4
ds006695	20	4
ds006949	20	1
ds007445	20	6
ds005635	19	5
ds001233	19	4
ds005605	19	3
ds004033	19	4
ds004381	19	9
ds004467	19	4
ds003464	19	8
ds003645	19	3
ds003352	19	4
ds001439	19	3
ds005557	19	4
ds000236	19	3
ds003574	19	9
ds004284	19	4
ds002720	19	3
ds002905	19	2
ds000110	19	3
ds005530	19	3
ds001306	18	4
ds003517	18	4
ds003076	18	2
ds004105	18	4
ds005964	18	6
ds006459	18	9
ds004785	18	1
ds000116	18	5
ds000002	18	3
ds004230	18	3
ds006673	18	14
ds004733	18	4
ds005295	18	4
ds004661	18	1
ds000122	18	3
ds006903	18	14
ds003171	18	1
ds004980	18	5
ds006483	18	4
ds001525	18	4
ds004844	18	1
ds006460	18	9
ds000117	18	4
ds005261	18	3
ds000005	17	3
ds004357	17	6
ds000001	17	3
ds004493	17	4
ds005594	17	18
ds005483	17	4
ds005127	17	4
ds004554	17	1
ds004018	17	4
ds005148	17	2
ds000138	17	3
ds006833	17	4
ds005186	17	5
ds005783	17	4
ds005371	17	6
ds006840	16	6
ds003194	16	2
ds004752	16	7
ds005009	16	3
ds003965	16	2
ds005429	16	4
ds004798	16	4
ds004956	16	4
ds004489	16	8
ds004816	16	6
ds000149	16	3
ds002711	16	3
ds000229	16	4
ds003758	16	3
ds002034	16	3
ds004645	16	3
ds006893	16	3
ds004254	16	5
ds004656	16	28
ds000170	16	4
ds001344	16	3
ds003397	16	43
ds004483	15	4
ds007156	15	4
ds006444	15	6
ds004842	15	1
ds003834	15	3
ds000200	15	9
ds005777	15	3
ds003922	15	4
ds000006	15	3
ds004194	15	9
ds005077	15	3
ds004774	15	3
ds001784	15	16
ds004843	15	1
ds007048	15	3
ds002680	15	2
ds000011	15	3
ds000008	15	3
ds000254	14	4
ds002685	14	4
ds001511	14	3
ds003425	14	5
ds000003	14	3
ds004024	14	4
ds000172	14	3
ds003710	14	7
ds003061	14	5
ds003800	14	5
ds003452	14	3
ds003524	14	4
ds005448	14	4
ds006005	14	3
ds004929	13	1
ds004147	13	8
ds000244	13	4
ds005930	13	1
ds004301	13	4
ds006563	13	1
ds004078	13	4
ds003812	13	3
ds004306	13	6
ds003633	13	4
ds004514	13	4
ds003392	13	4
ds003437	13	3
ds001345	13	3
ds005355	13	3
ds001743	13	14
ds004830	13	1
ds003380	13	3
ds000233	13	4
ds004698	13	4
ds003858	13	4
ds005238	12	4
ds003047	12	3
ds000205	12	2
ds004401	12	3
ds002702	12	2
ds004632	12	7
ds004951	12	4
ds005776	12	1
ds007109	12	4
ds007034	12	4
ds005525	12	3
ds003814	11	3
ds004868	11	4
ds003354	11	4
ds005165	11	3
ds004770	11	4
ds004730	11	4
ds003928	11	3
ds005085	11	4
ds002336	11	3
ds000224	11	5
ds004219	11	4
ds007006	11	3
ds004959	11	2
ds004507	11	5
ds004539	11	4
ds006812	11	3
ds004952	11	5
ds001942	11	4
ds006654	11	4
ds004797	11	4
ds004142	11	4
ds004928	11	3
ds007406	11	1
ds003192	11	4
ds000232	11	3
ds003195	11	2
ds002724	11	3
ds003810	11	4
ds006512	11	4
ds000114	11	2
ds005963	11	6
ds004642	11	4
ds003382	11	34
ds004703	11	4
ds006437	10	3
ds005533	10	4
ds005574	10	2
ds004840	10	16
ds004443	10	3
ds003929	10	3
ds000231	10	4
ds004107	10	4
ds004598	10	2
ds003020	10	3
ds003374	10	6
ds004477	10	6
ds004101	10	3
ds005664	10	5
ds005558	10	4
ds004913	10	4
ds004091	9	3
ds005603	9	2
ds005250	9	3
ds004669	9	4
ds002723	9	3
ds004696	9	6
ds003972	9	3
ds004662	9	5
ds005194	9	4
ds004473	9	4
ds003770	9	61
ds004620	9	4
ds005931	9	4
ds004815	9	3
ds000017	9	3
ds007095	9	3
ds001652	9	4
ds005691	9	3
ds004517	8	4
ds004859	8	4
ds005307	8	6
ds004819	8	8
ds001547	8	3
ds006065	8	1
ds006917	8	3
ds005090	8	7
ds004022	8	5
ds004370	8	4
ds002551	8	6
ds005590	8	4
ds005619	8	4
ds005929	8	1
ds006798	7	4
ds004835	7	3
ds005903	7	7
ds002232	7	4
ds005531	7	3
ds005503	7	3
ds003848	7	4
ds004745	7	1
ds004478	7	4
ds006971	7	4
ds003844	7	4
ds000247	7	4
ds003990	7	2
ds004906	7	7
ds007122	7	3
ds004814	7	1
ds001399	7	4
ds006126	7	4
ds002848	7	3
ds005170	6	3
ds000234	6	3
ds004866	6	15
ds001705	6	4
ds001553	6	4
ds004943	6	4
ds002278	6	3
ds007347	6	1
ds006035	6	6
ds004213	6	3
ds005138	6	5
ds003043	6	4
ds004787	6	3
ds004457	6	3
ds005047	6	3
ds004212	6	2
ds005454	6	4
ds001499	5	4
ds003427	5	1
ds004196	5	3
ds001761	5	3
ds002750	5	3
ds004542	5	7
ds002936	5	4
ds003777	5	2
ds002016	5	1
ds004738	5	4
ds006206	5	4
ds002013	5	5
ds007418	5	1
ds005239	5	4
ds005699	5	4
ds004590	5	5
ds003011	5	12
ds000235	5	3
ds006647	5	2
ds002684	5	4
ds004283	5	4
ds004977	5	3
ds006491	5	2
ds006707	5	4
ds001450	5	3
ds006033	4	5
ds000246	4	4
ds004624	4	2
ds004510	4	3
ds006815	4	7
ds003659	4	5
ds002743	4	3
ds006947	4	4
ds003082	4	4
ds005717	4	3
ds004993	4	4
ds000239	4	3
ds005672	4	3
ds004192	4	4
ds001555	4	4
ds006630	3	3
ds006373	3	4
ds004271	3	3
ds005670	3	4
ds005953	3	1
ds001379	3	3
ds004280	3	3
ds006944	3	9
ds004339	3	2
ds005258	3	4
ds004564	3	1
ds004229	3	4
ds004560	3	2
ds003216	3	4
ds004040	3	1
ds002885	3	1
ds006317	3	6
ds002578	3	4
ds001420	3	5
ds005521	3	3
ds004552	3	1
ds007175	3	1
ds004720	3	4
ds000248	3	4
ds002014	3	1
ds005927	3	5
ds004850	2	1
ds006123	2	2
ds007328	2	3
ds007338	2	6
ds003805	2	4
ds004854	2	1
ds004852	2	1
ds005737	2	4
ds004784	2	4
ds003104	2	4
ds005069	2	3
ds006207	2	3
ds004776	2	4
ds005872	2	6
ds005134	2	4
ds004855	2	1
ds005365	2	4
ds004346	2	6
ds001021	2	4
ds001728	2	2
ds006138	2	3
ds006592	2	4
ds003708	2	1
ds007392	2	1
ds000031	2	4
ds004650	2	2
ds004849	2	1
ds002737	2	3
ds005625	2	3
ds005072	2	3
ds001419	2	3
ds004498	2	3
ds006392	2	1
ds004853	2	1
ds004639	2	1
ds001566	2	3
ds001421	2	3
ds005079	2	1
ds004945	2	1
ds005412	2	4
ds003548	2	3
ds006159	1	1
ds006071	1	1
ds005233	0	0
ds006209	0	0
ds004075	0	0
ds002001	0	0
ds006045	0	0
ds004102	0	0
ds004946	0	0
ds004715	0	0
ds006601	0	0
ds001946	0	0
ds003993	0	0
ds005422	0	0
ds000051	0	0
ds003345	0	0
ds003959	0	0
ds003715	0	0
ds004007	0	0
ds005427	0	0
ds006735	0	0
ds003417	0	0
ds002155	0	0
ds005413	0	0
ds003836	0	0
ds005576	0	0
ds004465	0	0
ds001978	0	0
ds003455	0	0
ds004402	0	0
ds003441	0	0
ds002374	0	0
ds003096	0	0
ds005933	0	0
ds002979	0	0
ds005279	0	0
ds001612	0	0
ds005926	0	0
ds007195	0	0
ds003849	0	0
ds005731	0	0
ds002179	0	0
ds004323	0	0
ds003850	0	0
ds003059	0	0
ds001037	0	0
ds006871	0	0
ds002718	0	0
ds005850	0	0
ds003646	0	0
ds003626	0	0
ds002596	0	0
ds006844	0	0
ds003816	0	0
ds004038	0	0
ds003089	0	0
ds006486	0	0
ds004067	0	0
ds001912	0	0
ds006021	0	0
ds006779	0	0
ds001926	0	0
ds003430	0	0
ds001762	0	0
ds003367	0	0
ds006935	0	0
ds002316	0	0
ds004670	0	0
ds007091	0	0
ds002144	0	0
ds006401	0	0
ds005573	0	0
ds001107	0	0
ds002295	0	0
ds003871	0	0
ds006623	0	0
ds006676	0	0
ds000164	0	0
ds006193	0	0
ds005658	0	0
ds005329	0	0
ds005304	0	0
ds005137	0	0
ds003927	0	0
ds004187	0	0
ds005604	0	0
ds000204	0	0
ds003676	0	0
ds005630	0	0
ds006145	0	0
ds004125	0	0
ds004252	0	0
ds005191	0	0
ds006407	0	0
ds005597	0	0
ds002868	0	0
ds001600	0	0
ds003052	0	0
ds002738	0	0
ds004767	0	0
ds005357	0	0
ds002739	0	0
ds004520	0	0
ds003438	0	0
ds005021	0	0
ds003094	0	0
ds000052	0	0
ds001595	0	0
ds007315	0	0
ds006821	0	0
ds004144	0	0
ds003989	0	0
ds005600	0	0
ds004663	0	0
ds002372	0	0
ds006184	0	0
ds005639	0	0
ds002726	0	0
ds006394	0	0
ds005450	0	0
ds004228	0	0
ds005178	0	0
ds004398	0	0
ds003642	0	0
ds004286	0	0
ds002358	0	0
ds002218	0	0
ds001521	0	0
ds001832	0	0
ds006692	0	0
ds001875	0	0
ds003716	0	0
ds003892	0	0
ds005602	0	0
ds004837	0	0
ds000216	0	0
ds003148	0	0
ds005093	0	0
ds005028	0	0
ds006128	0	0
ds002293	0	0
ds003484	0	0
ds003661	0	0
ds003090	0	0
ds002153	0	0
ds003768	0	0
ds002207	0	0
ds007028	0	0
ds006143	0	0
ds005262	0	0
ds005118	0	0
ds003463	0	0
ds002320	0	0
ds002294	0	0
ds001591	0	0
ds001634	0	0
ds006480	0	0
ds003774	0	0
ds001751	0	0
ds001339	0	0
ds002614	0	0
ds003145	0	0
ds003440	0	0
ds001293	0	0
ds003085	0	0
ds006188	0	0
ds003444	0	0
ds006945	0	0
ds001715	0	0
ds002870	0	0
ds000107	0	0
ds001907	0	0
ds001497	0	0
ds001745	0	0
ds003540	0	0
ds002989	0	0
ds003442	0	0
ds001849	0	0
ds002156	0	0
ds001984	0	0
ds006636	0	0
ds005815	0	0
ds005075	0	0
ds001246	0	0
ds004957	0	0
ds003481	0	0
ds003764	0	0
ds002733	0	0
ds006890	0	0
ds003900	0	0
ds004441	0	0
ds005880	0	0
ds001563	0	0
ds002087	0	0
ds005083	0	0
ds000237	0	0
ds006943	0	0
ds005978	0	0
ds006826	0	0
ds003078	0	0
ds003439	0	0
ds001302	0	0
ds003599	0	0
ds002237	0	0
ds004065	0	0
ds006319	0	0
ds006598	0	0
ds001218	0	0
ds005203	0	0
ds003590	0	0
ds003682	0	0
ds004127	0	0
ds005273	0	0
ds004009	0	0
ds001576	0	0
ds003752	0	0
ds001921	0	0
ds004265	0	0
ds002274	0	0
ds005063	0	0
ds003151	0	0
ds001923	0	0
ds003170	0	0
ds006072	0	0
ds004097	0	0
ds007185	0	0
ds002608	0	0
ds002715	0	0
ds001247	0	0
ds004666	0	0
ds004594	0	0
ds005894	0	0
ds001847	0	0
ds005040	0	0
ds005623	0	0
ds004742	0	0
ds001945	0	0
ds006940	0	0
ds003872	0	0
ds006243	0	0
ds002609	0	0
ds004458	0	0
ds007135	0	0
ds007090	0	0
ds003325	0	0
ds006564	0	0
ds001607	0	0
ds003434	0	0
ds007026	0	0
ds000255	0	0
ds002873	0	0
ds005529	0	0
ds002380	0	0
ds002761	0	0
ds006189	0	0
ds003563	0	0
ds002513	0	0
ds001132	0	0
ds003707	0	0
ds003720	0	0
ds003669	0	0
ds006240	0	0
ds005563	0	0
ds005128	0	0
ds001357	0	0
ds002425	0	0
ds003103	0	0
ds001621	0	0
ds007313	0	0
ds002076	0	0
ds002040	0	0
ds004630	0	0
ds004081	0	0
ds002306	0	0
ds001775	0	0
ds004640	0	0
ds007043	0	0
ds004829	0	0
ds005431	0	0
ds000241	0	0
ds004995	0	0
ds006817	0	0
ds005003	0	0
ds006111	0	0
ds003798	0	0
ds006721	0	0
ds004521	0	0
ds002549	0	0
ds003778	0	0
ds004744	0	0
ds003988	0	0
ds001506	0	0
ds001235	0	0
ds000206	0	0
ds007067	0	0
ds003443	0	0
ds006185	0	0
ds003445	0	0
ds005589	0	0
ds004259	0	0
ds006136	0	0
ds005472	0	0
ds002841	0	0
ds002735	0	0
ds000158	0	0
ds005700	0	0
ds004043	0	0
ds004450	0	0
ds003974	0	0
ds001780	0	0
ds006192	0	0
ds001105	0	0
ds003027	0	0
ds007089	0	0
ds001551	0	0
ds002770	0	0
ds003433	0	0
ds002672	0	0
ds006001	0	0
ds006466	0	0
ds002908	0	0
ds004086	0	0
ds001839	0	0
ds002311	0	0
ds005386	0	0
ds005375	0	0
ds005415	0	0
ds006181	0	0
ds006661	0	0
ds005849	0	0
ds002634	0	0
ds002574	0	0
ds004765	0	0
ds005906	0	0
ds002766	0	0
ds001635	0	0
ds000258	0	0
ds005492	0	0
ds003098	0	0
ds005017	0	0
ds005125	0	0
ds004710	0	0
ds006744	0	0
ds002241	0	0
ds003714	0	0
ds005486	0	0
ds002734	0	0
ds004509	0	0
ds005596	0	0
ds003520	0	0
ds003673	0	0
ds003446	0	0
ds005215	0	0
ds001769	0	0
ds000105	0	0
ds002675	0	0
ds002328	0	0
ds003950	0	0
ds002367	0	0
ds004553	0	0
ds001145	0	0
ds006040	0	0
ds006190	0	0
ds005481	0	0
ds001614	0	0
ds006191	0	0
ds006182	0	0
